-- Tabela equipe

insert into Equipe (idEquipe, nomeEquipe, paisEquipe, titulosEquipe) values (1, 'Canarinho', 'Brasil', 0);
insert into Equipe (idEquipe, nomeEquipe, paisEquipe, titulosEquipe) values (2, 'Aprilia Racing Team gresini', 'Italia', 3);
insert into Equipe (idEquipe, nomeEquipe, paisEquipe, titulosEquipe) values (3, 'Petronas Yamanha SRT', 'Malasia', 0);
insert into Equipe (idEquipe, nomeEquipe, paisEquipe, titulosEquipe) values (4, 'Red Bull KTM Tech 3', 'Franca', 1);
insert into Equipe (idEquipe, nomeEquipe, paisEquipe, titulosEquipe) values (5, 'Yamanha Factory Racing', 'Japao', 1);
insert into Equipe (idEquipe, nomeEquipe, paisEquipe, titulosEquipe) values (6, 'Reale Avintia Racing', 'Espanha', 0);
insert into Equipe (idEquipe, nomeEquipe, paisEquipe, titulosEquipe) values (7, 'Red Bull KTM Factory Racing', 'Austria', 0);
insert into Equipe (idEquipe, nomeEquipe, paisEquipe, titulosEquipe) values (8, 'Repsol Honda Team', 'Japao', 5);
insert into Equipe (idEquipe, nomeEquipe, paisEquipe, titulosEquipe) values (9, 'Team Susuki Ecstar', 'Japao', 4);
insert into Equipe (idEquipe, nomeEquipe, paisEquipe, titulosEquipe) values (10, 'Alma Pramac Racing', 'Italia', 4);

--  Tabela pessoa

insert into Pessoa (idPessoa, nomePessoa, tipoPessoa, Equipe_idEquipe) values (1, 'Alex Rins', 'P', 9);
insert into Pessoa (idPessoa, nomePessoa, tipoPessoa, Equipe_idEquipe) values (2, 'Joan Mir', 'P', 9);
insert into Pessoa (idPessoa, nomePessoa, tipoPessoa, Equipe_idEquipe) values (3, 'Jorge Lorenzo', 'P', 8);
insert into Pessoa (idPessoa, nomePessoa, tipoPessoa, Equipe_idEquipe) values (4, 'Marc Marquez', 'P', 8);
insert into Pessoa (idPessoa, nomePessoa, tipoPessoa, Equipe_idEquipe) values (5, 'Johann Zarco', 'P', 7);
insert into Pessoa (idPessoa, nomePessoa, tipoPessoa, Equipe_idEquipe) values (6, 'Pol Espargaro', 'P', 7);
insert into Pessoa (idPessoa, nomePessoa, tipoPessoa, Equipe_idEquipe) values (7, 'Karel Abraham', 'P', 6);
insert into Pessoa (idPessoa, nomePessoa, tipoPessoa, Equipe_idEquipe) values (8, 'Tito Rabat', 'P', 6);
insert into Pessoa (idPessoa, nomePessoa, tipoPessoa, Equipe_idEquipe) values (9, 'Maverick Viales', 'P', 5);
insert into Pessoa (idPessoa, nomePessoa, tipoPessoa, Equipe_idEquipe) values (10, 'Valentino Rossi', 'P', 5);
insert into Pessoa (idPessoa, nomePessoa, tipoPessoa, Equipe_idEquipe) values (11, 'Hafizh Syahrin', 'P', 4);
insert into Pessoa (idPessoa, nomePessoa, tipoPessoa, Equipe_idEquipe) values (12, 'Miguel Oliveira', 'P', 4);
insert into Pessoa (idPessoa, nomePessoa, tipoPessoa, Equipe_idEquipe) values (13, 'Fabio Quartararo', 'P', 3);
insert into Pessoa (idPessoa, nomePessoa, tipoPessoa, Equipe_idEquipe) values (14, 'Franco Morbidelli', 'P', 3);
insert into Pessoa (idPessoa, nomePessoa, tipoPessoa, Equipe_idEquipe) values (15, 'Andrea Iannone', 'P', 2);
insert into Pessoa (idPessoa, nomePessoa, tipoPessoa, Equipe_idEquipe) values (16, 'Aleix Espargaro', 'P', 2);
insert into Pessoa (idPessoa, nomePessoa, tipoPessoa, Equipe_idEquipe) values (17, 'Jack Miller', 'P', 1);
insert into Pessoa (idPessoa, nomePessoa, tipoPessoa, Equipe_idEquipe) values (18, 'Jose M', 'M', 9);
insert into Pessoa (idPessoa, nomePessoa, tipoPessoa, Equipe_idEquipe) values (19, 'Pedro S', 'M', 9);
insert into Pessoa (idPessoa, nomePessoa, tipoPessoa, Equipe_idEquipe) values (20, 'Jorge L', 'M', 8);
insert into Pessoa (idPessoa, nomePessoa, tipoPessoa, Equipe_idEquipe) values (21, 'Marcos M', 'M', 8);
insert into Pessoa (idPessoa, nomePessoa, tipoPessoa, Equipe_idEquipe) values (22, 'Joao Z', 'M', 7);
insert into Pessoa (idPessoa, nomePessoa, tipoPessoa, Equipe_idEquipe) values (23, 'Paulo E', 'M', 7);
insert into Pessoa (idPessoa, nomePessoa, tipoPessoa, Equipe_idEquipe) values (24, 'Karoline A', 'M', 6);
insert into Pessoa (idPessoa, nomePessoa, tipoPessoa, Equipe_idEquipe) values (25, 'Tito R', 'M', 6);
insert into Pessoa (idPessoa, nomePessoa, tipoPessoa, Equipe_idEquipe) values (26, 'Marcos V', 'M', 5);
insert into Pessoa (idPessoa, nomePessoa, tipoPessoa, Equipe_idEquipe) values (27, 'Valeria R', 'M', 5);
insert into Pessoa (idPessoa, nomePessoa, tipoPessoa, Equipe_idEquipe) values (28, 'Humberto S', 'M', 4);
insert into Pessoa (idPessoa, nomePessoa, tipoPessoa, Equipe_idEquipe) values (29, 'Miguel O', 'M', 4);
insert into Pessoa (idPessoa, nomePessoa, tipoPessoa, Equipe_idEquipe) values (30, 'Fabio Q', 'M', 3);
insert into Pessoa (idPessoa, nomePessoa, tipoPessoa, Equipe_idEquipe) values (31, 'Franco M', 'M', 3);
insert into Pessoa (idPessoa, nomePessoa, tipoPessoa, Equipe_idEquipe) values (32, 'Andrea I', 'M', 2);
insert into Pessoa (idPessoa, nomePessoa, tipoPessoa, Equipe_idEquipe) values (33, 'Aleix E', 'M', 2);
insert into Pessoa (idPessoa, nomePessoa, tipoPessoa, Equipe_idEquipe) values (34, 'Jack M', 'M', 1);
insert into Pessoa (idPessoa, nomePessoa, tipoPessoa, Equipe_idEquipe) values (35, 'Francisco B', 'M', 1);
 
--  Tabela piloto

insert into Piloto (Pessoa_idPessoa, titulosPiloto, pontuacaoPiloto) values (1, 0, 30);
insert into Piloto (Pessoa_idPessoa, titulosPiloto, pontuacaoPiloto) values (2, 3, 60);
insert into Piloto (Pessoa_idPessoa, titulosPiloto, pontuacaoPiloto) values (3, 0, 40);
insert into Piloto (Pessoa_idPessoa, titulosPiloto, pontuacaoPiloto) values (4, 5, 70);
insert into Piloto (Pessoa_idPessoa, titulosPiloto, pontuacaoPiloto) values (5, 3, 25);
insert into Piloto (Pessoa_idPessoa, titulosPiloto, pontuacaoPiloto) values (6, 0, 30);
insert into Piloto (Pessoa_idPessoa, titulosPiloto, pontuacaoPiloto) values (7, 3, 60);
insert into Piloto (Pessoa_idPessoa, titulosPiloto, pontuacaoPiloto) values (8, 0, 40);
insert into Piloto (Pessoa_idPessoa, titulosPiloto, pontuacaoPiloto) values (9, 5, 70);
insert into Piloto (Pessoa_idPessoa, titulosPiloto, pontuacaoPiloto) values (10, 3, 25);
insert into Piloto (Pessoa_idPessoa, titulosPiloto, pontuacaoPiloto) values (11, 0, 30);
insert into Piloto (Pessoa_idPessoa, titulosPiloto, pontuacaoPiloto) values (12, 3, 60);
insert into Piloto (Pessoa_idPessoa, titulosPiloto, pontuacaoPiloto) values (13, 0, 40);
insert into Piloto (Pessoa_idPessoa, titulosPiloto, pontuacaoPiloto) values (14, 5, 70);
insert into Piloto (Pessoa_idPessoa, titulosPiloto, pontuacaoPiloto) values (15, 3, 25);
insert into Piloto (Pessoa_idPessoa, titulosPiloto, pontuacaoPiloto) values (16, 0, 30);
insert into Piloto (Pessoa_idPessoa, titulosPiloto, pontuacaoPiloto) values (17, 3, 60);
 
--  Tabela mecanico

insert into Mecanico (Pessoa_idPessoa, especialidade, Mecanico_Sup_idPessoa) values (18, 'geral', 18);
insert into Mecanico (Pessoa_idPessoa, especialidade, Mecanico_Sup_idPessoa) values (19, 'motor', 18);
insert into Mecanico (Pessoa_idPessoa, especialidade, Mecanico_Sup_idPessoa) values (20, 'suspensao',18);
insert into Mecanico (Pessoa_idPessoa, especialidade, Mecanico_Sup_idPessoa) values (21, 'motor', 19);
insert into Mecanico (Pessoa_idPessoa, especialidade, Mecanico_Sup_idPessoa) values (22, 'suspensao',20);
insert into Mecanico (Pessoa_idPessoa, especialidade, Mecanico_Sup_idPessoa) values (23, 'motor', 19);
insert into Mecanico (Pessoa_idPessoa, especialidade, Mecanico_Sup_idPessoa) values (24, 'suspensao', 20);
insert into Mecanico (Pessoa_idPessoa, especialidade, Mecanico_Sup_idPessoa) values (25, 'motor', 19);
insert into Mecanico (Pessoa_idPessoa, especialidade, Mecanico_Sup_idPessoa) values (26, 'suspensao', 20);
insert into Mecanico (Pessoa_idPessoa, especialidade, Mecanico_Sup_idPessoa) values (27, 'motor', 19);
insert into Mecanico (Pessoa_idPessoa, especialidade, Mecanico_Sup_idPessoa) values (28, 'suspensao', 20);
insert into Mecanico (Pessoa_idPessoa, especialidade, Mecanico_Sup_idPessoa) values (29, 'motor', 19);
insert into Mecanico (Pessoa_idPessoa, especialidade, Mecanico_Sup_idPessoa) values (30, 'suspensao', 20);
insert into Mecanico (Pessoa_idPessoa, especialidade, Mecanico_Sup_idPessoa) values (31, 'motor', 29);
insert into Mecanico (Pessoa_idPessoa, especialidade, Mecanico_Sup_idPessoa) values (32, 'suspensao', 30);
insert into Mecanico (Pessoa_idPessoa, especialidade, Mecanico_Sup_idPessoa) values (33, 'motor', 29);
insert into Mecanico (Pessoa_idPessoa, especialidade, Mecanico_Sup_idPessoa) values (34, 'suspensao', 30);

-- Tabela circuito

INSERT INTO Circuito (idCircuito, nomeCircuito, localCircuito) VALUES (1, 'Interlagos', 'Brasil');
INSERT INTO Circuito (idCircuito, nomeCircuito, localCircuito) VALUES (2, 'Jacarepagua', 'Brasil');
INSERT INTO Circuito (idCircuito, nomeCircuito, localCircuito) VALUES (3, 'Monza', 'Italia');
INSERT INTO Circuito (idCircuito, nomeCircuito, localCircuito) VALUES (4, 'Indianapolis', 'USA');
INSERT INTO Circuito (idCircuito, nomeCircuito, localCircuito) VALUES (5, 'Monaco', 'Inglaterra');

-- Tabela corrida

INSERT INTO Corrida (idCorrida, dataCorrida, categoriaCorrida, voltasCorrida, Circuito_idCircuito) VALUES (1, DATE '2018-01-24', '1000cc', 50, 1);
INSERT INTO Corrida (idCorrida, dataCorrida, categoriaCorrida, voltasCorrida, Circuito_idCircuito) VALUES (2, DATE '2018-02-24', '1000cc', 60, 2);
INSERT INTO Corrida (idCorrida, dataCorrida, categoriaCorrida, voltasCorrida, Circuito_idCircuito) VALUES (3, DATE '2018-03-24', '1000cc', 55, 3);
INSERT INTO Corrida (idCorrida, dataCorrida, categoriaCorrida, voltasCorrida, Circuito_idCircuito) VALUES (4, DATE '2018-04-24', '1000cc', 40, 4);
INSERT INTO Corrida (idCorrida, dataCorrida, categoriaCorrida, voltasCorrida, Circuito_idCircuito) VALUES (5, DATE '2019-01-24', '1000cc', 50, 1);
INSERT INTO Corrida (idCorrida, dataCorrida, categoriaCorrida, voltasCorrida, Circuito_idCircuito) VALUES (6, DATE '2019-02-24', '1000cc', 60, 2);
INSERT INTO Corrida (idCorrida, dataCorrida, categoriaCorrida, voltasCorrida, Circuito_idCircuito) VALUES (7, DATE '2019-03-24', '1000cc', 55, 3);
INSERT INTO Corrida (idCorrida, dataCorrida, categoriaCorrida, voltasCorrida, Circuito_idCircuito) VALUES (8, DATE '2019-04-24', '1000cc', 40, 4);

--  Tabela participação

INSERT INTO Participacao (Piloto_Pessoa_idPessoa, Corrida_idCorrida, voltasParticipacao, tempoParticipacao) VALUES (1, 1, 50, TIME '01:30:03.000001');
INSERT INTO Participacao (Piloto_Pessoa_idPessoa, Corrida_idCorrida, voltasParticipacao, tempoParticipacao) VALUES (1, 5, 50, TIME '01:30:03.000001');
INSERT INTO Participacao (Piloto_Pessoa_idPessoa, Corrida_idCorrida, voltasParticipacao, tempoParticipacao) VALUES (2, 1, 50, TIME '01:30:03.000011');
INSERT INTO Participacao (Piloto_Pessoa_idPessoa, Corrida_idCorrida, voltasParticipacao, tempoParticipacao) VALUES (3, 1, 50, TIME '01:30:03.001111');
INSERT INTO Participacao (Piloto_Pessoa_idPessoa, Corrida_idCorrida, voltasParticipacao, tempoParticipacao) VALUES (4, 1, 50, TIME '01:30:03.011111');
INSERT INTO Participacao (Piloto_Pessoa_idPessoa, Corrida_idCorrida, voltasParticipacao, tempoParticipacao) VALUES (1, 2, 60, TIME '01:30:03.111111');
INSERT INTO Participacao (Piloto_Pessoa_idPessoa, Corrida_idCorrida, voltasParticipacao, tempoParticipacao) VALUES (2, 2, 60, TIME '01:30:03.011111');
INSERT INTO Participacao (Piloto_Pessoa_idPessoa, Corrida_idCorrida, voltasParticipacao, tempoParticipacao) VALUES (3, 2, 60, TIME '01:30:03.001111');
INSERT INTO Participacao (Piloto_Pessoa_idPessoa, Corrida_idCorrida, voltasParticipacao, tempoParticipacao) VALUES (4, 2, 60, TIME '01:30:03.000111');
INSERT INTO Participacao (Piloto_Pessoa_idPessoa, Corrida_idCorrida, voltasParticipacao, tempoParticipacao) VALUES (5, 2, 60, TIME '01:29:02.000011');
INSERT INTO Participacao (Piloto_Pessoa_idPessoa, Corrida_idCorrida, voltasParticipacao, tempoParticipacao) VALUES (6, 1, 50, TIME '01:30:03.000001');